image,mask
REFUGE_Train/n0140.jpg,REFUGE_Train/n0140.bmp
REFUGE_Train/g0001.jpg,REFUGE_Train/g0001.bmp
REFUGE_Train/g0002.jpg,REFUGE_Train/g0002.bmp
REFUGE_Train/g0003.jpg,REFUGE_Train/g0003.bmp
REFUGE_Train/g0004.jpg,REFUGE_Train/g0004.bmp
REFUGE_Train/g0005.jpg,REFUGE_Train/g0005.bmp
REFUGE_Train/g0006.jpg,REFUGE_Train/g0006.bmp
REFUGE_Train/g0007.jpg,REFUGE_Train/g0007.bmp
REFUGE_Train/g0008.jpg,REFUGE_Train/g0008.bmp
REFUGE_Train/g0009.jpg,REFUGE_Train/g0009.bmp
REFUGE_Train/g0021.jpg,REFUGE_Train/g0021.bmp
REFUGE_Train/g0022.jpg,REFUGE_Train/g0022.bmp
REFUGE_Train/g0023.jpg,REFUGE_Train/g0023.bmp
REFUGE_Train/g0024.jpg,REFUGE_Train/g0024.bmp
REFUGE_Train/g0025.jpg,REFUGE_Train/g0025.bmp
REFUGE_Train/g0026.jpg,REFUGE_Train/g0026.bmp
REFUGE_Train/g0027.jpg,REFUGE_Train/g0027.bmp
REFUGE_Train/g0028.jpg,REFUGE_Train/g0028.bmp
REFUGE_Train/g0029.jpg,REFUGE_Train/g0029.bmp
REFUGE_Train/n0001.jpg,REFUGE_Train/n0001.bmp
REFUGE_Train/n0002.jpg,REFUGE_Train/n0002.bmp
REFUGE_Train/n0003.jpg,REFUGE_Train/n0003.bmp
REFUGE_Train/n0004.jpg,REFUGE_Train/n0004.bmp
REFUGE_Train/n0005.jpg,REFUGE_Train/n0005.bmp
REFUGE_Train/n0006.jpg,REFUGE_Train/n0006.bmp
REFUGE_Train/n0007.jpg,REFUGE_Train/n0007.bmp
REFUGE_Train/n0008.jpg,REFUGE_Train/n0008.bmp
REFUGE_Train/n0009.jpg,REFUGE_Train/n0009.bmp
REFUGE_Train/n0021.jpg,REFUGE_Train/n0021.bmp
REFUGE_Train/n0022.jpg,REFUGE_Train/n0022.bmp
REFUGE_Train/n0023.jpg,REFUGE_Train/n0023.bmp
REFUGE_Train/n0024.jpg,REFUGE_Train/n0024.bmp
REFUGE_Train/n0025.jpg,REFUGE_Train/n0025.bmp
REFUGE_Train/n0026.jpg,REFUGE_Train/n0026.bmp
REFUGE_Train/n0027.jpg,REFUGE_Train/n0027.bmp
REFUGE_Train/n0028.jpg,REFUGE_Train/n0028.bmp
REFUGE_Train/n0029.jpg,REFUGE_Train/n0029.bmp
REFUGE_Train/n0041.jpg,REFUGE_Train/n0041.bmp
REFUGE_Train/n0042.jpg,REFUGE_Train/n0042.bmp
REFUGE_Train/n0043.jpg,REFUGE_Train/n0043.bmp
REFUGE_Train/n0044.jpg,REFUGE_Train/n0044.bmp
REFUGE_Train/n0045.jpg,REFUGE_Train/n0045.bmp
REFUGE_Train/n0046.jpg,REFUGE_Train/n0046.bmp
REFUGE_Train/n0047.jpg,REFUGE_Train/n0047.bmp
REFUGE_Train/n0048.jpg,REFUGE_Train/n0048.bmp
REFUGE_Train/n0049.jpg,REFUGE_Train/n0049.bmp
REFUGE_Train/g0010.jpg,REFUGE_Train/g0010.bmp
REFUGE_Train/g0020.jpg,REFUGE_Train/g0020.bmp
REFUGE_Train/g0030.jpg,REFUGE_Train/g0030.bmp
REFUGE_Train/g0040.jpg,REFUGE_Train/g0040.bmp
REFUGE_Train/n0010.jpg,REFUGE_Train/n0010.bmp
REFUGE_Train/n0020.jpg,REFUGE_Train/n0020.bmp
REFUGE_Train/n0030.jpg,REFUGE_Train/n0030.bmp
REFUGE_Train/n0040.jpg,REFUGE_Train/n0040.bmp
REFUGE_Train/n0050.jpg,REFUGE_Train/n0050.bmp
REFUGE_Train/n0060.jpg,REFUGE_Train/n0060.bmp
REFUGE_Train/n0070.jpg,REFUGE_Train/n0070.bmp
REFUGE_Train/n0080.jpg,REFUGE_Train/n0080.bmp
REFUGE_Train/n0090.jpg,REFUGE_Train/n0090.bmp
REFUGE_Train/n0100.jpg,REFUGE_Train/n0100.bmp
REFUGE_Train/n0110.jpg,REFUGE_Train/n0110.bmp
REFUGE_Train/n0120.jpg,REFUGE_Train/n0120.bmp
REFUGE_Train/n0130.jpg,REFUGE_Train/n0130.bmp
REFUGE_Train/n0061.jpg,REFUGE_Train/n0061.bmp
REFUGE_Train/n0062.jpg,REFUGE_Train/n0062.bmp
REFUGE_Train/n0063.jpg,REFUGE_Train/n0063.bmp
REFUGE_Train/n0064.jpg,REFUGE_Train/n0064.bmp
REFUGE_Train/n0065.jpg,REFUGE_Train/n0065.bmp
REFUGE_Train/n0066.jpg,REFUGE_Train/n0066.bmp
REFUGE_Train/n0067.jpg,REFUGE_Train/n0067.bmp
REFUGE_Train/n0068.jpg,REFUGE_Train/n0068.bmp
REFUGE_Train/n0069.jpg,REFUGE_Train/n0069.bmp
REFUGE_Train/n0081.jpg,REFUGE_Train/n0081.bmp
REFUGE_Train/n0082.jpg,REFUGE_Train/n0082.bmp
REFUGE_Train/n0083.jpg,REFUGE_Train/n0083.bmp
REFUGE_Train/n0084.jpg,REFUGE_Train/n0084.bmp
REFUGE_Train/n0085.jpg,REFUGE_Train/n0085.bmp
REFUGE_Train/n0086.jpg,REFUGE_Train/n0086.bmp
REFUGE_Train/n0087.jpg,REFUGE_Train/n0087.bmp
REFUGE_Train/n0088.jpg,REFUGE_Train/n0088.bmp
REFUGE_Train/n0089.jpg,REFUGE_Train/n0089.bmp
REFUGE_Train/n0101.jpg,REFUGE_Train/n0101.bmp
REFUGE_Train/n0102.jpg,REFUGE_Train/n0102.bmp
REFUGE_Train/n0103.jpg,REFUGE_Train/n0103.bmp
REFUGE_Train/n0104.jpg,REFUGE_Train/n0104.bmp
REFUGE_Train/n0105.jpg,REFUGE_Train/n0105.bmp
REFUGE_Train/n0106.jpg,REFUGE_Train/n0106.bmp
REFUGE_Train/n0107.jpg,REFUGE_Train/n0107.bmp
REFUGE_Train/n0108.jpg,REFUGE_Train/n0108.bmp
REFUGE_Train/n0109.jpg,REFUGE_Train/n0109.bmp
REFUGE_Train/n0121.jpg,REFUGE_Train/n0121.bmp
REFUGE_Train/n0122.jpg,REFUGE_Train/n0122.bmp
REFUGE_Train/n0123.jpg,REFUGE_Train/n0123.bmp
REFUGE_Train/n0124.jpg,REFUGE_Train/n0124.bmp
REFUGE_Train/n0125.jpg,REFUGE_Train/n0125.bmp
REFUGE_Train/n0126.jpg,REFUGE_Train/n0126.bmp
REFUGE_Train/n0127.jpg,REFUGE_Train/n0127.bmp
REFUGE_Train/n0128.jpg,REFUGE_Train/n0128.bmp
REFUGE_Train/n0129.jpg,REFUGE_Train/n0129.bmp
REFUGE_Train/n0141.jpg,REFUGE_Train/n0141.bmp
REFUGE_Train/n0142.jpg,REFUGE_Train/n0142.bmp
REFUGE_Train/n0143.jpg,REFUGE_Train/n0143.bmp
REFUGE_Train/n0144.jpg,REFUGE_Train/n0144.bmp
REFUGE_Train/n0145.jpg,REFUGE_Train/n0145.bmp
REFUGE_Train/n0146.jpg,REFUGE_Train/n0146.bmp
REFUGE_Train/n0147.jpg,REFUGE_Train/n0147.bmp
REFUGE_Train/n0148.jpg,REFUGE_Train/n0148.bmp
REFUGE_Train/n0149.jpg,REFUGE_Train/n0149.bmp
REFUGE_Train/n0161.jpg,REFUGE_Train/n0161.bmp
REFUGE_Train/n0162.jpg,REFUGE_Train/n0162.bmp
REFUGE_Train/n0163.jpg,REFUGE_Train/n0163.bmp
REFUGE_Train/n0164.jpg,REFUGE_Train/n0164.bmp
REFUGE_Train/n0165.jpg,REFUGE_Train/n0165.bmp
REFUGE_Train/n0166.jpg,REFUGE_Train/n0166.bmp
REFUGE_Train/n0167.jpg,REFUGE_Train/n0167.bmp
REFUGE_Train/n0168.jpg,REFUGE_Train/n0168.bmp
REFUGE_Train/n0169.jpg,REFUGE_Train/n0169.bmp
REFUGE_Train/n0181.jpg,REFUGE_Train/n0181.bmp
REFUGE_Train/n0182.jpg,REFUGE_Train/n0182.bmp
REFUGE_Train/n0183.jpg,REFUGE_Train/n0183.bmp
REFUGE_Train/n0184.jpg,REFUGE_Train/n0184.bmp
REFUGE_Train/n0185.jpg,REFUGE_Train/n0185.bmp
REFUGE_Train/n0186.jpg,REFUGE_Train/n0186.bmp
REFUGE_Train/n0187.jpg,REFUGE_Train/n0187.bmp
REFUGE_Train/n0188.jpg,REFUGE_Train/n0188.bmp
REFUGE_Train/n0189.jpg,REFUGE_Train/n0189.bmp
REFUGE_Train/n0201.jpg,REFUGE_Train/n0201.bmp
REFUGE_Train/n0202.jpg,REFUGE_Train/n0202.bmp
REFUGE_Train/n0203.jpg,REFUGE_Train/n0203.bmp
REFUGE_Train/n0204.jpg,REFUGE_Train/n0204.bmp
REFUGE_Train/n0205.jpg,REFUGE_Train/n0205.bmp
REFUGE_Train/n0206.jpg,REFUGE_Train/n0206.bmp
REFUGE_Train/n0207.jpg,REFUGE_Train/n0207.bmp
REFUGE_Train/n0208.jpg,REFUGE_Train/n0208.bmp
REFUGE_Train/n0209.jpg,REFUGE_Train/n0209.bmp
REFUGE_Train/n0221.jpg,REFUGE_Train/n0221.bmp
REFUGE_Train/n0222.jpg,REFUGE_Train/n0222.bmp
REFUGE_Train/n0223.jpg,REFUGE_Train/n0223.bmp
REFUGE_Train/n0224.jpg,REFUGE_Train/n0224.bmp
REFUGE_Train/n0225.jpg,REFUGE_Train/n0225.bmp
REFUGE_Train/n0226.jpg,REFUGE_Train/n0226.bmp
REFUGE_Train/n0227.jpg,REFUGE_Train/n0227.bmp
REFUGE_Train/n0228.jpg,REFUGE_Train/n0228.bmp
REFUGE_Train/n0229.jpg,REFUGE_Train/n0229.bmp
REFUGE_Train/n0241.jpg,REFUGE_Train/n0241.bmp
REFUGE_Train/n0242.jpg,REFUGE_Train/n0242.bmp
REFUGE_Train/n0243.jpg,REFUGE_Train/n0243.bmp
REFUGE_Train/n0244.jpg,REFUGE_Train/n0244.bmp
REFUGE_Train/n0245.jpg,REFUGE_Train/n0245.bmp
REFUGE_Train/n0246.jpg,REFUGE_Train/n0246.bmp
REFUGE_Train/n0247.jpg,REFUGE_Train/n0247.bmp
REFUGE_Train/n0248.jpg,REFUGE_Train/n0248.bmp
REFUGE_Train/n0249.jpg,REFUGE_Train/n0249.bmp
REFUGE_Train/n0261.jpg,REFUGE_Train/n0261.bmp
REFUGE_Train/n0262.jpg,REFUGE_Train/n0262.bmp
REFUGE_Train/n0263.jpg,REFUGE_Train/n0263.bmp
REFUGE_Train/n0264.jpg,REFUGE_Train/n0264.bmp
REFUGE_Train/n0265.jpg,REFUGE_Train/n0265.bmp
REFUGE_Train/n0266.jpg,REFUGE_Train/n0266.bmp
REFUGE_Train/n0267.jpg,REFUGE_Train/n0267.bmp
REFUGE_Train/n0268.jpg,REFUGE_Train/n0268.bmp
REFUGE_Train/n0269.jpg,REFUGE_Train/n0269.bmp
REFUGE_Train/n0281.jpg,REFUGE_Train/n0281.bmp
REFUGE_Train/n0282.jpg,REFUGE_Train/n0282.bmp
REFUGE_Train/n0283.jpg,REFUGE_Train/n0283.bmp
REFUGE_Train/n0284.jpg,REFUGE_Train/n0284.bmp
REFUGE_Train/n0285.jpg,REFUGE_Train/n0285.bmp
REFUGE_Train/n0286.jpg,REFUGE_Train/n0286.bmp
REFUGE_Train/n0287.jpg,REFUGE_Train/n0287.bmp
REFUGE_Train/n0288.jpg,REFUGE_Train/n0288.bmp
REFUGE_Train/n0289.jpg,REFUGE_Train/n0289.bmp
REFUGE_Train/n0301.jpg,REFUGE_Train/n0301.bmp
REFUGE_Train/n0302.jpg,REFUGE_Train/n0302.bmp
REFUGE_Train/n0303.jpg,REFUGE_Train/n0303.bmp
REFUGE_Train/n0304.jpg,REFUGE_Train/n0304.bmp
REFUGE_Train/n0305.jpg,REFUGE_Train/n0305.bmp
REFUGE_Train/n0306.jpg,REFUGE_Train/n0306.bmp
REFUGE_Train/n0307.jpg,REFUGE_Train/n0307.bmp
REFUGE_Train/n0308.jpg,REFUGE_Train/n0308.bmp
REFUGE_Train/n0309.jpg,REFUGE_Train/n0309.bmp
REFUGE_Train/n0321.jpg,REFUGE_Train/n0321.bmp
REFUGE_Train/n0322.jpg,REFUGE_Train/n0322.bmp
REFUGE_Train/n0323.jpg,REFUGE_Train/n0323.bmp
REFUGE_Train/n0324.jpg,REFUGE_Train/n0324.bmp
REFUGE_Train/n0325.jpg,REFUGE_Train/n0325.bmp
REFUGE_Train/n0326.jpg,REFUGE_Train/n0326.bmp
REFUGE_Train/n0327.jpg,REFUGE_Train/n0327.bmp
REFUGE_Train/n0328.jpg,REFUGE_Train/n0328.bmp
REFUGE_Train/n0329.jpg,REFUGE_Train/n0329.bmp
REFUGE_Train/n0341.jpg,REFUGE_Train/n0341.bmp
REFUGE_Train/n0342.jpg,REFUGE_Train/n0342.bmp
REFUGE_Train/n0343.jpg,REFUGE_Train/n0343.bmp
REFUGE_Train/n0344.jpg,REFUGE_Train/n0344.bmp
REFUGE_Train/n0345.jpg,REFUGE_Train/n0345.bmp
REFUGE_Train/n0346.jpg,REFUGE_Train/n0346.bmp
REFUGE_Train/n0347.jpg,REFUGE_Train/n0347.bmp
REFUGE_Train/n0348.jpg,REFUGE_Train/n0348.bmp
REFUGE_Train/n0349.jpg,REFUGE_Train/n0349.bmp
REFUGE_Train/g0011.jpg,REFUGE_Train/g0011.bmp
REFUGE_Train/g0012.jpg,REFUGE_Train/g0012.bmp
REFUGE_Train/g0013.jpg,REFUGE_Train/g0013.bmp
REFUGE_Train/g0014.jpg,REFUGE_Train/g0014.bmp
REFUGE_Train/g0015.jpg,REFUGE_Train/g0015.bmp
REFUGE_Train/g0016.jpg,REFUGE_Train/g0016.bmp
REFUGE_Train/g0017.jpg,REFUGE_Train/g0017.bmp
REFUGE_Train/g0018.jpg,REFUGE_Train/g0018.bmp
REFUGE_Train/g0019.jpg,REFUGE_Train/g0019.bmp
REFUGE_Train/g0031.jpg,REFUGE_Train/g0031.bmp
REFUGE_Train/g0032.jpg,REFUGE_Train/g0032.bmp
REFUGE_Train/g0033.jpg,REFUGE_Train/g0033.bmp
REFUGE_Train/g0034.jpg,REFUGE_Train/g0034.bmp
REFUGE_Train/g0035.jpg,REFUGE_Train/g0035.bmp
REFUGE_Train/g0036.jpg,REFUGE_Train/g0036.bmp
REFUGE_Train/g0037.jpg,REFUGE_Train/g0037.bmp
REFUGE_Train/g0038.jpg,REFUGE_Train/g0038.bmp
REFUGE_Train/g0039.jpg,REFUGE_Train/g0039.bmp
REFUGE_Train/n0011.jpg,REFUGE_Train/n0011.bmp
REFUGE_Train/n0012.jpg,REFUGE_Train/n0012.bmp
REFUGE_Train/n0013.jpg,REFUGE_Train/n0013.bmp
REFUGE_Train/n0014.jpg,REFUGE_Train/n0014.bmp
REFUGE_Train/n0015.jpg,REFUGE_Train/n0015.bmp
REFUGE_Train/n0016.jpg,REFUGE_Train/n0016.bmp
REFUGE_Train/n0017.jpg,REFUGE_Train/n0017.bmp
REFUGE_Train/n0018.jpg,REFUGE_Train/n0018.bmp
REFUGE_Train/n0019.jpg,REFUGE_Train/n0019.bmp
REFUGE_Train/n0031.jpg,REFUGE_Train/n0031.bmp
REFUGE_Train/n0032.jpg,REFUGE_Train/n0032.bmp
REFUGE_Train/n0033.jpg,REFUGE_Train/n0033.bmp
REFUGE_Train/n0034.jpg,REFUGE_Train/n0034.bmp
REFUGE_Train/n0035.jpg,REFUGE_Train/n0035.bmp
REFUGE_Train/n0036.jpg,REFUGE_Train/n0036.bmp
REFUGE_Train/n0037.jpg,REFUGE_Train/n0037.bmp
REFUGE_Train/n0038.jpg,REFUGE_Train/n0038.bmp
REFUGE_Train/n0039.jpg,REFUGE_Train/n0039.bmp
REFUGE_Train/n0051.jpg,REFUGE_Train/n0051.bmp
REFUGE_Train/n0052.jpg,REFUGE_Train/n0052.bmp
REFUGE_Train/n0053.jpg,REFUGE_Train/n0053.bmp
REFUGE_Train/n0054.jpg,REFUGE_Train/n0054.bmp
REFUGE_Train/n0055.jpg,REFUGE_Train/n0055.bmp
REFUGE_Train/n0056.jpg,REFUGE_Train/n0056.bmp
REFUGE_Train/n0057.jpg,REFUGE_Train/n0057.bmp
REFUGE_Train/n0058.jpg,REFUGE_Train/n0058.bmp
REFUGE_Train/n0059.jpg,REFUGE_Train/n0059.bmp
REFUGE_Train/n0071.jpg,REFUGE_Train/n0071.bmp
REFUGE_Train/n0072.jpg,REFUGE_Train/n0072.bmp
REFUGE_Train/n0073.jpg,REFUGE_Train/n0073.bmp
REFUGE_Train/n0074.jpg,REFUGE_Train/n0074.bmp
REFUGE_Train/n0075.jpg,REFUGE_Train/n0075.bmp
REFUGE_Train/n0076.jpg,REFUGE_Train/n0076.bmp
REFUGE_Train/n0077.jpg,REFUGE_Train/n0077.bmp
REFUGE_Train/n0078.jpg,REFUGE_Train/n0078.bmp
REFUGE_Train/n0079.jpg,REFUGE_Train/n0079.bmp
REFUGE_Train/n0091.jpg,REFUGE_Train/n0091.bmp
REFUGE_Train/n0092.jpg,REFUGE_Train/n0092.bmp
REFUGE_Train/n0093.jpg,REFUGE_Train/n0093.bmp
REFUGE_Train/n0094.jpg,REFUGE_Train/n0094.bmp
REFUGE_Train/n0095.jpg,REFUGE_Train/n0095.bmp
REFUGE_Train/n0096.jpg,REFUGE_Train/n0096.bmp
REFUGE_Train/n0097.jpg,REFUGE_Train/n0097.bmp
REFUGE_Train/n0098.jpg,REFUGE_Train/n0098.bmp
REFUGE_Train/n0099.jpg,REFUGE_Train/n0099.bmp
REFUGE_Train/n0111.jpg,REFUGE_Train/n0111.bmp
REFUGE_Train/n0112.jpg,REFUGE_Train/n0112.bmp
REFUGE_Train/n0113.jpg,REFUGE_Train/n0113.bmp
REFUGE_Train/n0114.jpg,REFUGE_Train/n0114.bmp
REFUGE_Train/n0115.jpg,REFUGE_Train/n0115.bmp
REFUGE_Train/n0116.jpg,REFUGE_Train/n0116.bmp
REFUGE_Train/n0117.jpg,REFUGE_Train/n0117.bmp
REFUGE_Train/n0118.jpg,REFUGE_Train/n0118.bmp
REFUGE_Train/n0119.jpg,REFUGE_Train/n0119.bmp
REFUGE_Train/n0131.jpg,REFUGE_Train/n0131.bmp
REFUGE_Train/n0132.jpg,REFUGE_Train/n0132.bmp
REFUGE_Train/n0133.jpg,REFUGE_Train/n0133.bmp
REFUGE_Train/n0134.jpg,REFUGE_Train/n0134.bmp
REFUGE_Train/n0135.jpg,REFUGE_Train/n0135.bmp
REFUGE_Train/n0136.jpg,REFUGE_Train/n0136.bmp
REFUGE_Train/n0137.jpg,REFUGE_Train/n0137.bmp
REFUGE_Train/n0138.jpg,REFUGE_Train/n0138.bmp
REFUGE_Train/n0139.jpg,REFUGE_Train/n0139.bmp
REFUGE_Train/n0151.jpg,REFUGE_Train/n0151.bmp
REFUGE_Train/n0152.jpg,REFUGE_Train/n0152.bmp
REFUGE_Train/n0153.jpg,REFUGE_Train/n0153.bmp
REFUGE_Train/n0154.jpg,REFUGE_Train/n0154.bmp
REFUGE_Train/n0155.jpg,REFUGE_Train/n0155.bmp
REFUGE_Train/n0156.jpg,REFUGE_Train/n0156.bmp
REFUGE_Train/n0157.jpg,REFUGE_Train/n0157.bmp
REFUGE_Train/n0158.jpg,REFUGE_Train/n0158.bmp
REFUGE_Train/n0159.jpg,REFUGE_Train/n0159.bmp
REFUGE_Train/n0171.jpg,REFUGE_Train/n0171.bmp
REFUGE_Train/n0172.jpg,REFUGE_Train/n0172.bmp
REFUGE_Train/n0173.jpg,REFUGE_Train/n0173.bmp
REFUGE_Train/n0174.jpg,REFUGE_Train/n0174.bmp
REFUGE_Train/n0175.jpg,REFUGE_Train/n0175.bmp
REFUGE_Train/n0176.jpg,REFUGE_Train/n0176.bmp
REFUGE_Train/n0177.jpg,REFUGE_Train/n0177.bmp
REFUGE_Train/n0178.jpg,REFUGE_Train/n0178.bmp
REFUGE_Train/n0179.jpg,REFUGE_Train/n0179.bmp
REFUGE_Train/n0191.jpg,REFUGE_Train/n0191.bmp
REFUGE_Train/n0192.jpg,REFUGE_Train/n0192.bmp
REFUGE_Train/n0193.jpg,REFUGE_Train/n0193.bmp
REFUGE_Train/n0194.jpg,REFUGE_Train/n0194.bmp
REFUGE_Train/n0195.jpg,REFUGE_Train/n0195.bmp
REFUGE_Train/n0196.jpg,REFUGE_Train/n0196.bmp
REFUGE_Train/n0197.jpg,REFUGE_Train/n0197.bmp
REFUGE_Train/n0198.jpg,REFUGE_Train/n0198.bmp
REFUGE_Train/n0199.jpg,REFUGE_Train/n0199.bmp
REFUGE_Train/n0211.jpg,REFUGE_Train/n0211.bmp
REFUGE_Train/n0212.jpg,REFUGE_Train/n0212.bmp
REFUGE_Train/n0213.jpg,REFUGE_Train/n0213.bmp
REFUGE_Train/n0214.jpg,REFUGE_Train/n0214.bmp
REFUGE_Train/n0215.jpg,REFUGE_Train/n0215.bmp
REFUGE_Train/n0216.jpg,REFUGE_Train/n0216.bmp
REFUGE_Train/n0217.jpg,REFUGE_Train/n0217.bmp
REFUGE_Train/n0218.jpg,REFUGE_Train/n0218.bmp
REFUGE_Train/n0219.jpg,REFUGE_Train/n0219.bmp
REFUGE_Train/n0231.jpg,REFUGE_Train/n0231.bmp
REFUGE_Train/n0232.jpg,REFUGE_Train/n0232.bmp
REFUGE_Train/n0233.jpg,REFUGE_Train/n0233.bmp
REFUGE_Train/n0234.jpg,REFUGE_Train/n0234.bmp
REFUGE_Train/n0235.jpg,REFUGE_Train/n0235.bmp
REFUGE_Train/n0236.jpg,REFUGE_Train/n0236.bmp
REFUGE_Train/n0237.jpg,REFUGE_Train/n0237.bmp
REFUGE_Train/n0238.jpg,REFUGE_Train/n0238.bmp
REFUGE_Train/n0239.jpg,REFUGE_Train/n0239.bmp
REFUGE_Train/n0251.jpg,REFUGE_Train/n0251.bmp
REFUGE_Train/n0252.jpg,REFUGE_Train/n0252.bmp
REFUGE_Train/n0253.jpg,REFUGE_Train/n0253.bmp
REFUGE_Train/n0254.jpg,REFUGE_Train/n0254.bmp
REFUGE_Train/n0255.jpg,REFUGE_Train/n0255.bmp
REFUGE_Train/n0256.jpg,REFUGE_Train/n0256.bmp
REFUGE_Train/n0257.jpg,REFUGE_Train/n0257.bmp
REFUGE_Train/n0258.jpg,REFUGE_Train/n0258.bmp
REFUGE_Train/n0259.jpg,REFUGE_Train/n0259.bmp
REFUGE_Train/n0271.jpg,REFUGE_Train/n0271.bmp
REFUGE_Train/n0272.jpg,REFUGE_Train/n0272.bmp
REFUGE_Train/n0273.jpg,REFUGE_Train/n0273.bmp
REFUGE_Train/n0274.jpg,REFUGE_Train/n0274.bmp
REFUGE_Train/n0275.jpg,REFUGE_Train/n0275.bmp
REFUGE_Train/n0276.jpg,REFUGE_Train/n0276.bmp
REFUGE_Train/n0277.jpg,REFUGE_Train/n0277.bmp
REFUGE_Train/n0278.jpg,REFUGE_Train/n0278.bmp
REFUGE_Train/n0279.jpg,REFUGE_Train/n0279.bmp
REFUGE_Train/n0291.jpg,REFUGE_Train/n0291.bmp
REFUGE_Train/n0292.jpg,REFUGE_Train/n0292.bmp
REFUGE_Train/n0293.jpg,REFUGE_Train/n0293.bmp
REFUGE_Train/n0294.jpg,REFUGE_Train/n0294.bmp
REFUGE_Train/n0295.jpg,REFUGE_Train/n0295.bmp
REFUGE_Train/n0296.jpg,REFUGE_Train/n0296.bmp
REFUGE_Train/n0297.jpg,REFUGE_Train/n0297.bmp
REFUGE_Train/n0298.jpg,REFUGE_Train/n0298.bmp
REFUGE_Train/n0299.jpg,REFUGE_Train/n0299.bmp
REFUGE_Train/n0150.jpg,REFUGE_Train/n0150.bmp
REFUGE_Train/n0160.jpg,REFUGE_Train/n0160.bmp
REFUGE_Train/n0170.jpg,REFUGE_Train/n0170.bmp
REFUGE_Train/n0180.jpg,REFUGE_Train/n0180.bmp
REFUGE_Train/n0190.jpg,REFUGE_Train/n0190.bmp
REFUGE_Train/n0200.jpg,REFUGE_Train/n0200.bmp
REFUGE_Train/n0210.jpg,REFUGE_Train/n0210.bmp
REFUGE_Train/n0220.jpg,REFUGE_Train/n0220.bmp
REFUGE_Train/n0230.jpg,REFUGE_Train/n0230.bmp
REFUGE_Train/n0240.jpg,REFUGE_Train/n0240.bmp
REFUGE_Train/n0250.jpg,REFUGE_Train/n0250.bmp
REFUGE_Train/n0260.jpg,REFUGE_Train/n0260.bmp
REFUGE_Train/n0270.jpg,REFUGE_Train/n0270.bmp
REFUGE_Train/n0280.jpg,REFUGE_Train/n0280.bmp
REFUGE_Train/n0290.jpg,REFUGE_Train/n0290.bmp
REFUGE_Train/n0300.jpg,REFUGE_Train/n0300.bmp
REFUGE_Train/n0310.jpg,REFUGE_Train/n0310.bmp
REFUGE_Train/n0320.jpg,REFUGE_Train/n0320.bmp
REFUGE_Train/n0330.jpg,REFUGE_Train/n0330.bmp
REFUGE_Train/n0340.jpg,REFUGE_Train/n0340.bmp
REFUGE_Train/n0350.jpg,REFUGE_Train/n0350.bmp
REFUGE_Train/n0311.jpg,REFUGE_Train/n0311.bmp
REFUGE_Train/n0312.jpg,REFUGE_Train/n0312.bmp
REFUGE_Train/n0313.jpg,REFUGE_Train/n0313.bmp
REFUGE_Train/n0314.jpg,REFUGE_Train/n0314.bmp
REFUGE_Train/n0315.jpg,REFUGE_Train/n0315.bmp
REFUGE_Train/n0316.jpg,REFUGE_Train/n0316.bmp
REFUGE_Train/n0317.jpg,REFUGE_Train/n0317.bmp
REFUGE_Train/n0318.jpg,REFUGE_Train/n0318.bmp
REFUGE_Train/n0319.jpg,REFUGE_Train/n0319.bmp
REFUGE_Train/n0331.jpg,REFUGE_Train/n0331.bmp
REFUGE_Train/n0332.jpg,REFUGE_Train/n0332.bmp
REFUGE_Train/n0333.jpg,REFUGE_Train/n0333.bmp
REFUGE_Train/n0334.jpg,REFUGE_Train/n0334.bmp
REFUGE_Train/n0335.jpg,REFUGE_Train/n0335.bmp
REFUGE_Train/n0336.jpg,REFUGE_Train/n0336.bmp
REFUGE_Train/n0337.jpg,REFUGE_Train/n0337.bmp
REFUGE_Train/n0338.jpg,REFUGE_Train/n0338.bmp
REFUGE_Train/n0339.jpg,REFUGE_Train/n0339.bmp
REFUGE_Train/n0351.jpg,REFUGE_Train/n0351.bmp
REFUGE_Train/n0352.jpg,REFUGE_Train/n0352.bmp
REFUGE_Train/n0353.jpg,REFUGE_Train/n0353.bmp
REFUGE_Train/n0354.jpg,REFUGE_Train/n0354.bmp
REFUGE_Train/n0355.jpg,REFUGE_Train/n0355.bmp
REFUGE_Train/n0356.jpg,REFUGE_Train/n0356.bmp
REFUGE_Train/n0357.jpg,REFUGE_Train/n0357.bmp
REFUGE_Train/n0358.jpg,REFUGE_Train/n0358.bmp
REFUGE_Train/n0359.jpg,REFUGE_Train/n0359.bmp
REFUGE_Train/n0360.jpg,REFUGE_Train/n0360.bmp
